filename;assembly_length;number_of_sequences;average_length;largest_contig;shortest_contig;N50;GC_percentage;total_N;N_percentage
"GCA_900105705_Streptomyces-griseus_.fna";8630192;4;2157548.00;5991967;44184;5991967;72.25;0;0.00
"GCA_000720065_Streptomyces-sp_.fna";8249819;568;14524.33;486249;200;202225;72.49;0;0.00
"GCA_036346105_Streptomyces-sp_.fna";7505305;2;3752652.50;7068336;436969;7068336;72.02;0;0.00
"GCA_000262345_Streptomyces-xiaopingdaonensis_.fna";6466982;385;16797.36;134187;222;30588;72.22;0;0.00
"GCA_040302645_Streptomyces-parvulus_.fna";8027612;108;74329.74;688149;1003;253076;72.52;97;0.00
"GCA_040641755_Streptomyces-griseofuscus_.fna";8108992;89;91112.27;688027;1052;221160;71.66;590;0.01
"GCA_040677955_Streptomyces-anulatus_.fna";8507004;49;173612.33;670973;1420;292711;71.68;675;0.01
"GCA_040300005_Streptomyces-althioticus_.fna";7641163;69;110741.49;587226;1059;228157;72.51;1074;0.01
"GCA_033794805_Streptomyces-europaeiscabiei_.fna";10953999;72;152138.88;622012;535;349135;70.56;1272;0.01
"GCA_035918175_Streptomyces-canus_.fna";11347797;2;5673898.50;11078578;269219;11078578;70.19;0;0.00
"GCA_040681925_Streptomyces-anulatus_.fna";8560682;68;125892.38;542203;1068;204787;71.84;587;0.01
"GCA_040610275_Streptomyces-sp_.fna";11572681;280;41331.00;278790;1022;79371;71.29;971;0.01
"GCA_036061255_Streptomyces-sp_.fna";6859429;2;3429714.50;6771125;88304;6771125;70.88;0;0.00
"GCA_039533385_Streptomyces-graminearus_.fna";8665966;65;133322.55;692948;528;338571;71.80;1324;0.02
"GCA_000716535_Streptomyces-flaveolus_.fna";10347389;232;44600.81;470236;200;194920;71.84;0;0.00
"GCA_040645635_Streptomyces-sp_.fna";9479593;109;86968.74;488873;1002;193908;71.82;1416;0.01
"GCA_040653055_Streptomyces-sp_.fna";8642672;87;99341.06;756468;1019;219577;71.96;1735;0.02
"GCA_040631245_Streptomyces-mirabilis_.fna";12059828;561;21497.02;236798;1002;43938;70.18;689;0.01
"GCA_040609335_Streptomyces-bauhiniae_.fna";6916588;23;300721.22;1277966;1733;429745;71.78;96;0.00
"GCA_001941325_Streptomyces-acidiscabies_.fna";10556215;993;10630.63;128953;502;19323;70.55;0;0.00
"GCA_040704065_Streptomyces-sp_.fna";8361406;79;105840.58;543100;1037;192344;71.70;582;0.01
"GCA_002009175_Streptomyces-niveus_.fna";7990492;1;7990492.00;7990492;7990492;7990492;70.46;0;0.00
"GCA_024268275_Streptomyces-sp_.fna";7831043;740;10582.49;105598;202;33329;71.84;0;0.00
"GCA_026540695_Streptomyces-sp_.fna";14233014;5877;2421.82;35099;301;2740;63.98;0;0.00
"GCA_003725745_Streptomyces-sp_.fna";7054598;2;3527299.00;6935567;119031;6935567;72.47;0;0.00
"GCA_016411765_Streptomyces-flavofungini_.fna";9714742;88;110394.80;650792;533;282705;72.16;330;0.00
"GCA_001418475_Streptomyces-ossamyceticus_.fna";9298634;1008;9224.84;88780;1009;16332;71.15;4178;0.04
"GCA_900091885_Streptomyces-sp_.fna";7163425;157;45626.91;281134;1298;88536;73.31;0;0.00
"GCA_040685355_Streptomyces-cyaneofuscatus_.fna";8309451;535;15531.68;88534;1071;24318;71.54;199;0.00
"GCA_900090075_Streptomyces-sp_.fna";8648704;52;166321.23;762851;1087;404947;72.19;4080;0.05
"GCA_033795195_Streptomyces-sp_.fna";8852982;692;12793.33;75495;503;24878;71.65;789;0.01
"GCA_009829585_Streptomyces-tendae_.fna";8653184;83;104255.23;661981;512;270378;72.10;170;0.00
"GCA_900091865_Streptomyces-sp_.fna";8061879;253;31865.13;176727;1021;52422;72.06;6;0.00
"GCA_040609315_Streptomyces-sp_.fna";9742014;122;79852.57;374327;1031;157352;70.47;916;0.01
"GCA_040613325_Streptomyces-sp_.fna";8011359;494;16217.33;134024;1026;32230;70.45;395;0.00
"GCA_040685815_Streptomyces-subrutilus_.fna";7563976;108;70036.81;391401;1042;133150;73.44;329;0.00
"GCA_040650475_Streptomyces-brevispora_.fna";8140371;108;75373.81;732615;1076;155468;70.49;5075;0.06
"GCA_040605475_Streptomyces-sp_.fna";7591584;48;158158.00;1252762;1543;283952;72.43;679;0.01
"GCA_014655195_Streptomyces-cellulosae_.fna";7893117;103;76632.20;503144;505;222394;72.01;25;0.00
"GCA_000717875_Streptomyces-sp_.fna";8232740;120;68606.17;836730;202;198010;70.94;0;0.00
"GCA_040641735_Streptomyces-sp_.fna";8358340;110;75984.91;798542;1049;163699;71.10;99;0.00
"GCA_028807615_Streptomyces-spiramyceticus_.fna";7102686;2;3551343.00;5167670;1935016;5167670;69.53;0;0.00
"GCA_900090065_Streptomyces-sp_.fna";7407922;53;139772.11;819313;1198;285389;72.08;161;0.00
"GCA_040645175_Streptomyces-neyagawaensis_.fna";9474949;598;15844.40;151475;1015;30914;71.51;398;0.00
"GCA_000720075_Streptomyces-sp_.fna";9658831;111;87016.50;963384;200;362611;69.47;0;0.00
"GCA_033795185_Streptomyces-sp_.fna";7731914;17;454818.47;1528137;530;757031;71.38;775;0.01
"GCA_026340815_Streptomyces-sp_.fna";10649760;4;2662440.00;8853133;87660;8853133;70.36;0;0.00
"GCA_002154585_Streptomyces-pseudogriseolus_.fna";7264127;773;9397.32;96023;500;17869;72.44;5826;0.08
"GCA_000721375_Streptomyces-sp_.fna";8567421;74;115775.96;949074;202;424889;69.91;0;0.00
"GCA_036224405_Streptomyces-jietaisiensis_.fna";7531893;1;7531893.00;7531893;7531893;7531893;72.76;0;0.00
"GCA_040609815_Streptomyces-sp_.fna";9634770;117;82348.46;699357;1031;193045;70.53;399;0.00
"GCA_013618515_Streptomyces-alkaliterrae_.fna";5977613;748;7991.46;65191;255;15600;72.04;0;0.00
"GCA_000967025_Streptomyces-sp_.fna";3384006;357;9479.01;32753;203;32753;71.13;0;0.00
"GCA_016491645_Streptomyces-sp_.fna";8191754;1164;7037.59;87411;200;17257;72.29;320;0.00
"GCA_015477195_Streptomyces-gardneri_.fna";7607902;118;64473.75;628244;245;300392;67.95;0;0.00
"GCA_040637295_Streptomyces-californicus_.fna";7964587;291;27369.71;207196;1508;40807;72.60;334;0.00
"GCA_001905025_Streptomyces-sp_.fna";8401755;42;200041.79;786277;3546;374431;72.34;519;0.01
"GCA_033366655_Streptomyces-sp_.fna";8452209;49;172494.06;1482558;204;619804;71.78;0;0.00
"GCA_001905005_Streptomyces-sp_.fna";9573831;29;330132.10;1452656;4100;1153214;71.91;917;0.01
"GCA_002910815_Streptomyces-sp_.fna";6479762;1369;4733.21;51446;207;7818;72.66;9716;0.15
"GCA_021173675_Streptomyces-lincolnensis_.fna";10537973;82;128511.87;833878;202;589687;71.20;314;0.00
"GCA_009863225_Streptomyces-sp_.fna";7443083;254;29303.48;142290;531;59002;73.32;0;0.00
"GCA_000716525_Streptomyces-graminis_.fna";7867602;334;23555.69;416955;200;166038;72.67;0;0.00
"GCA_040681475_Streptomyces-sp_.fna";8136911;94;86562.88;814300;1025;187353;71.90;815;0.01
"GCA_040636915_Streptomyces-sp_.fna";8797112;85;103495.44;1201212;1018;214481;71.56;516;0.01
"GCA_040549125_Streptomyces-sp_.fna";7667295;61;125693.36;767064;1052;296212;72.35;0;0.00
"GCA_000719135_Streptomyces-avicenniae_.fna";6480326;66;98186.76;880243;200;276597;73.45;0;0.00
"GCA_040646975_Streptomyces-sp_.fna";8315005;63;131984.21;535784;1050;194907;72.16;1158;0.01
"GCA_040641275_Streptomyces-sp_.fna";6608840;57;115944.56;780774;1624;210948;71.98;581;0.01
"GCA_034668605_Streptomyces-sp_.fna";7855040;1;7855040.00;7855040;7855040;7855040;71.24;0;0.00
"GCA_018614185_Streptomyces-sp_.fna";9279211;104;89223.18;334080;5077;130389;70.86;1077;0.01
"GCA_033366695_Streptomyces-sp_.fna";8422239;2;4211119.50;8407425;14814;8407425;72.57;0;0.00
"GCA_040651795_Streptomyces-sp_.fna";7765973;139;55870.31;265262;1157;97166;71.06;989;0.01
"GCA_024297125_Streptomyces-cavourensis_.fna";7651223;1;7651223.00;7651223;7651223;7651223;72.14;0;0.00
"GCA_000716085_Streptomyces-sp_.fna";11565400;448;25815.62;262683;212;57084;64.78;900698;7.79
"GCA_010550505_Streptomyces-sp_.fna";8195954;1226;6685.12;127716;202;13806;72.90;0;0.00
"GCA_007113545_Streptomyces-sp_.fna";12448484;2;6224242.00;12338170;110314;12338170;70.13;129;0.00
"GCA_040689265_Streptomyces-sp_.fna";7916768;55;143941.24;798344;1194;215354;71.64;1290;0.02
"GCA_002803845_Streptomyces-lavendulae_.fna";8932792;2;4466396.00;8691711;241081;8691711;72.62;0;0.00
"GCA_003846185_Streptomyces-sp_.fna";6989279;2;3494639.50;6907715;81564;6907715;70.90;120472;1.72
"GCA_030551255_Streptomyces-sp_.fna";12397421;3;4132473.67;12347483;11596;12347483;70.26;0;0.00
"GCA_900091845_Streptomyces-sp_.fna";8956613;400;22391.53;171068;1084;38736;72.99;2;0.00
"GCA_002711365_Streptomyces-sp_.fna";7866187;23;342008.13;1030026;1043;677279;71.56;932;0.01
"GCA_002028385_Streptomyces-sp_.fna";8991292;3;2997097.33;8232231;240209;8232231;71.50;0;0.00
"GCA_033194775_Streptomyces-sp_.fna";9589339;1880;5100.71;65353;201;8857;70.20;0;0.00
"GCA_032121415_Streptomyces-parvus_.fna";7358178;2;3679089.00;7143830;214348;7143830;71.69;0;0.00
"GCA_900105275_Streptomyces-sp_.fna";10344370;2;5172185.00;9065883;1278487;9065883;70.88;0;0.00
"GCA_039533845_Streptomyces-virens_.fna";7967522;256;31123.13;397980;501;104667;72.22;1170;0.01
"GCA_040120715_Streptomyces-sp_.fna";6760907;100;67609.07;758972;200;171240;73.45;810;0.01
"GCA_003846165_Streptomyces-sp_.fna";8639978;8;1079997.25;3477872;2952;2240869;70.42;225718;2.61
"GCA_012034235_Streptomyces-thermoviolaceus_.fna";5890236;85;69296.89;393632;201;183806;72.61;0;0.00
"GCA_021394475_Streptomyces-parvulus_.fna";7688855;62;124013.79;704859;1013;246939;72.83;200;0.00
"GCA_000720535_Streptomyces-halstedii_.fna";7740838;105;73722.27;533993;205;273680;71.92;0;0.00
"GCA_040636435_Streptomyces-sp_.fna";9954600;146;68182.19;452915;1004;186700;71.34;1363;0.01
"GCA_040689235_Streptomyces-sp_.fna";8008943;95;84304.66;489955;1007;233087;72.13;214;0.00
"GCA_040609355_Streptomyces-tendae_.fna";8549534;104;82207.06;756568;1012;254773;71.87;194;0.00
"GCA_030403745_Streptomyces-sp_.fna";10853119;67;161986.85;1081601;1010;501857;70.58;0;0.00
"GCA_036320445_Streptomyces-sp_.fna";7489524;1028;7285.53;844761;205;314779;72.54;148;0.00
"GCA_030506235_Streptomyces-sp_.fna";8363333;1;8363333.00;8363333;8363333;8363333;71.68;0;0.00
"GCA_000719105_Streptomyces-sclerotialus_.fna";7022382;92;76330.24;886692;200;262581;71.52;0;0.00
"GCA_040296565_Streptomyces-sp_.fna";8709760;63;138250.16;488522;1671;277263;72.05;787;0.01
"GCA_014650455_Streptomyces-xanthochromogenes_.fna";8774150;54;162484.26;837651;532;440327;71.10;538;0.01
"GCA_002155885_Streptomyces-rhizosphaericus_.fna";11558421;1370;8436.80;120936;450;17562;70.88;5633;0.05
"GCA_040689225_Streptomyces-sp_.fna";7988727;85;93985.02;489955;1027;197993;72.14;418;0.01
"GCA_040605925_Streptomyces-sp_.fna";9775877;217;45050.12;1060069;1001;172681;69.36;464;0.00
"GCA_002551235_Streptomyces-sp_.fna";8626399;619;13936.02;136738;219;25776;71.49;35;0.00
"GCA_000974485_Streptomyces-sp_.fna";7736999;26;297576.88;1199422;587;821124;71.73;1199;0.02
"GCA_040650965_Streptomyces-sp_.fna";9642929;94;102584.35;495114;1291;214843;70.44;2904;0.03
"GCA_018614175_Streptomyces-sp_.fna";7289051;92;79228.82;328493;5058;176613;71.23;424;0.01
"GCA_040629895_Streptomyces-sp_.fna";8557268;65;131650.28;512567;1351;231738;70.47;975;0.01
"GCA_007679945_Streptomyces-sp_.fna";8732601;67;130337.33;1170919;203;493583;71.86;507;0.01
"GCA_031348265_Streptomyces-collinus_.fna";8867154;1;8867154.00;8867154;8867154;8867154;71.35;0;0.00
"GCA_014650935_Streptomyces-subrutilus_.fna";7889213;236;33428.87;516676;501;238207;72.88;469;0.01
"GCA_000717895_Streptomyces-sp_.fna";9962335;221;45078.44;371668;200;185581;71.93;0;0.00
"GCA_900105245_Streptomyces-sp_.fna";8852362;2;4426181.00;8662163;190199;8662163;71.92;0;0.00
"GCA_014203555_Streptomyces-olivoverticillatus_.fna";5549028;16;346814.25;1157791;1976;758686;71.62;585;0.01
"GCA_040686685_Streptomyces-halstedii_.fna";7528894;57;132085.86;897120;1156;356424;71.86;94;0.00
"GCA_036013625_Streptomyces-sp_.fna";10616026;2;5308013.00;10528390;87636;10528390;70.47;0;0.00
"GCA_001687325_Streptomyces-sp_.fna";8164109;83;98362.76;463136;600;252304;71.50;202;0.00
"GCA_040295245_Streptomyces-sp_.fna";10494032;109;96275.52;988880;1001;261764;71.33;973;0.01
"GCA_036013645_Streptomyces-sp_.fna";10798493;2;5399246.50;10567976;230517;10567976;70.50;0;0.00
"GCA_007113525_Streptomyces-sp_.fna";12201201;3;4067067.00;11940408;106635;11940408;70.20;0;0.00
"GCA_000974985_Streptomyces-mangrovisoli_.fna";9165825;199;46059.42;289800;201;108867;72.46;0;0.00
"GCA_003261055_Streptomyces-cadmiisoli_.fna";10239272;2;5119636.00;9269371;969901;9269371;70.76;0;0.00
"GCA_039533805_Streptomyces-glomeratus_.fna";7765960;134;57954.93;568772;518;172898;70.92;1945;0.03
"GCA_040677975_Streptomyces-griseoincarnatus_.fna";7871361;149;52827.93;256781;1020;122662;72.25;780;0.01
"GCA_030520245_Streptomyces-sp_.fna";8306919;1;8306919.00;8306919;8306919;8306919;72.50;0;0.00
"GCA_030811785_Streptomyces-sp_.fna";8102024;4;2025506.00;7875433;11123;7875433;72.49;0;0.00
"GCA_018069625_Streptomyces-yatensis_.fna";10360357;1;10360357.00;10360357;10360357;10360357;71.41;0;0.00
"GCA_040303985_Streptomyces-griseus_.fna";8428822;84;100343.12;724167;1112;247105;72.36;205;0.00
"GCA_003846155_Streptomyces-sp_.fna";8410972;14;600783.71;3110188;2039;1497230;70.03;128945;1.53
"GCA_009862405_Streptomyces-sp_.fna";7169314;219;32736.59;203256;205;55778;73.43;11;0.00
"GCA_028807635_Streptomyces-spiramyceticus_.fna";7079233;2;3539616.50;5151550;1927683;5151550;69.52;0;0.00
"GCA_016909575_Streptomyces-sp_.fna";7751524;45;172256.09;903171;1204;432191;70.65;0;0.00
"GCA_014649075_Streptomyces-asoensis_.fna";8904200;71;125411.27;1356280;525;419478;72.32;163;0.00
"GCA_014649035_Streptomyces-sindenensis_.fna";7564582;102;74162.57;716975;511;183557;71.80;0;0.00
"GCA_026340825_Streptomyces-sp_.fna";8412510;5;1682502.00;8112915;4846;8112915;70.47;0;0.00
"GCA_002551215_Streptomyces-sp_.fna";8624918;784;11001.17;147763;261;21085;71.48;26;0.00
"GCA_037908105_Streptomyces-sp_.fna";4550408;750;6067.21;102764;2001;8999;70.12;0;0.00
"GCA_014197485_Streptomyces-cinereoruber_.fna";7463914;23;324518.00;993397;1433;504484;72.97;96;0.00
"GCA_040628595_Streptomyces-lavendulocolor_.fna";7725050;85;90882.94;515579;1069;159373;72.99;116;0.00
"GCA_004684775_Streptomyces-sp_.fna";9110019;630;14460.35;132318;492;25361;70.21;0;0.00
"GCA_000725745_Streptomyces-aureocirculatus_.fna";9315748;205;45442.67;505335;200;136678;71.20;10;0.00
"GCA_021233395_Streptomyces-sp_.fna";11689692;2;5844846.00;11656895;32797;11656895;71.03;0;0.00
"GCA_014649515_Streptomyces-pilosus_.fna";7585172;139;54569.58;1299568;500;465971;72.28;492;0.01
"GCA_000725715_Streptomyces-sp_.fna";6572375;599;10972.25;97990;209;20270;74.65;52;0.00
"GCA_030816995_Streptomyces-sp_.fna";8649254;4;2162313.50;7884544;111157;7884544;70.89;0;0.00
"GCA_010550525_Streptomyces-anulatus_.fna";8142247;1440;5654.34;92183;201;12106;71.53;0;0.00
"GCA_040654815_Streptomyces-sp_.fna";12034653;204;58993.40;725357;1006;229840;70.28;1553;0.01
"GCA_018070565_Streptomyces-sp_.fna";7991637;134;59639.08;499138;385;164477;71.89;0;0.00
"GCA_003248315_Streptomyces-sp_.fna";7475027;4;1868756.75;5756656;249699;5756656;73.32;0;0.00
"GCA_014203595_Streptomyces-echinatus_.fna";9391279;56;167701.41;1030765;1054;515526;72.03;786;0.01
"GCA_004122735_Streptomyces-sioyaensis_.fna";7847945;289;27155.52;175362;1034;54690;71.60;0;0.00
"GCA_002811705_Streptomyces-barkulensis_.fna";6383258;100;63832.58;358823;521;158509;72.73;15352;0.24
"GCA_040610295_Streptomyces-sp_.fna";10889348;232;46936.84;406158;1008;121986;71.26;394;0.00
"GCA_040606785_Streptomyces-sp_.fna";10983975;621;17687.56;192627;1005;43103;70.14;295;0.00
"GCA_039533365_Streptomyces-glaucus_.fna";7390543;161;45903.99;319929;515;124024;73.45;855;0.01
"GCA_036093575_Streptomyces-europaeiscabiei_.fna";10850392;2;5425196.00;10757626;92766;10757626;70.48;0;0.00
"GCA_015601545_Streptomyces-albidoflavus_.fna";6796629;1;6796629.00;6796629;6796629;6796629;73.37;0;0.00
"GCA_040677485_Streptomyces-griseoincarnatus_.fna";7863898;133;59127.05;346101;1011;116877;72.17;590;0.01
"GCA_013361585_Streptomyces-sp_.fna";10902997;1739;6269.69;66088;2006;7766;71.19;0;0.00
"GCA_004305975_Streptomyces-otsuchiensis_.fna";6150387;752;8178.71;80849;78;18370;72.83;337;0.01
"GCA_036206005_Streptomyces-sp_.fna";7379407;2;3689703.50;7317043;62364;7317043;71.41;0;0.00
"GCA_014138545_Streptomyces-calvus_.fna";7983969;5;1596793.80;3924626;32237;2740563;72.40;0;0.00
"GCA_036247045_Streptomyces-albidoflavus_.fna";7036030;1;7036030.00;7036030;7036030;7036030;73.38;0;0.00
"GCA_003955715_Streptomyces-aquilus_.fna";10393987;1;10393987.00;10393987;10393987;10393987;70.85;0;0.00
"GCA_000716515_Streptomyces-rimosus_.fna";9386539;140;67046.71;609713;202;199375;71.96;0;0.00
"GCA_040650495_Streptomyces-sp_.fna";10427122;145;71911.19;438005;1074;201214;71.40;198;0.00
"GCA_023096395_Streptomyces-sp_.fna";7365709;4;1841427.25;6941434;33907;6941434;73.30;3740;0.05
"GCA_014650475_Streptomyces-albogriseolus_.fna";8066392;66;122218.06;736885;630;338098;72.34;161;0.00
"GCA_036118775_Streptomyces-sp_.fna";10725031;1;10725031.00;10725031;10725031;10725031;70.10;0;0.00
"GCA_018555775_Streptomyces-sp_.fna";9178482;731;12556.06;101615;518;22476;71.98;0;0.00
"GCA_040704035_Streptomyces-cyaneofuscatus_.fna";7888104;65;121355.45;509650;1003;209469;71.57;291;0.00
"GCA_039525945_Streptomyces-rhizosphaericus_.fna";11910517;273;43628.27;335207;504;117702;71.01;3520;0.03
"GCA_033794345_Streptomyces-niveiscabiei_.fna";9888126;135;73245.38;514123;504;189010;71.58;800;0.01
"GCA_014207445_Streptomyces-candidus_.fna";7403230;64;115675.47;711327;1323;349232;71.15;395;0.01
"GCA_014170455_Streptomyces-sp_.fna";7588820;46;164974.35;869049;508;535120;72.36;0;0.00
"GCA_030816955_Streptomyces-africanus_.fna";9069472;1;9069472.00;9069472;9069472;9069472;71.22;0;0.00
"GCA_040684515_Streptomyces-sp_.fna";8630551;111;77752.71;491587;1033;153714;72.48;705;0.01
"GCA_003665095_Streptomyces-sp_.fna";6501581;3;2167193.67;6489722;5640;6489722;73.38;0;0.00
"GCA_023703325_Streptomyces-meridianus_.fna";5644485;93;60693.39;382611;1195;127529;71.28;100;0.00
"GCA_013364175_Streptomyces-sp_.fna";7707218;1;7707218.00;7707218;7707218;7707218;72.23;0;0.00
"GCA_036898605_Streptomyces-acidiscabies_.fna";11043063;4;2760765.75;10920093;29544;10920093;70.59;0;0.00
"GCA_040680175_Streptomyces-tendae_.fna";8743724;97;90141.48;580032;1321;222987;72.16;108;0.00
"GCA_000961865_Streptomyces-rubellomurinus_.fna";7925716;2200;3602.60;143138;200;37302;73.91;0;0.00
"GCA_040701965_Streptomyces-sp_.fna";9687989;240;40366.62;364383;1016;74383;70.82;390;0.00
"GCA_040653035_Streptomyces-solisilvae_.fna";11316202;97;116661.88;944670;1004;295225;71.13;970;0.01
"GCA_033850625_Streptomyces-sp_.fna";8054656;548;14698.28;103155;2503;25312;70.76;0;0.00
"GCA_040650955_Streptomyces-sp_.fna";7669063;26;294963.96;1475375;1540;487250;70.51;354;0.00
"GCA_033794325_Streptomyces-sp_.fna";8115710;68;119348.68;922414;557;487761;71.09;393;0.00
"GCA_040646495_Streptomyces-lydicus_.fna";8309503;56;148383.98;705834;1862;317524;72.08;290;0.00
"GCA_036057275_Streptomyces-sp_.fna";8689288;2;4344644.00;8532829;156459;8532829;70.22;0;0.00
"GCA_001905045_Streptomyces-sp_.fna";9598671;49;195891.24;801624;2921;366477;73.46;1970;0.02
"GCA_040633895_Streptomyces-sp_.fna";8247825;60;137463.75;602537;1300;279609;73.00;587;0.01
"GCA_014252945_Streptomyces-mexicanus_.fna";8011832;30;267061.07;1019468;852;475868;72.46;0;0.00
"GCA_039525965_Streptomyces-yogyakartensis_.fna";11072799;372;29765.59;547942;500;119056;71.30;1285;0.01
"GCA_036079075_Streptomyces-platensis_.fna";8873106;1;8873106.00;8873106;8873106;8873106;70.90;0;0.00
"GCA_000816465_Streptomyces-pluripotens_.fna";7586568;1;7586568.00;7586568;7586568;7586568;69.92;0;0.00
"GCA_900091875_Streptomyces-sp_.fna";7385971;336;21982.06;165261;1081;35127;71.65;3;0.00
"GCA_004803895_Streptomyces-hawaiiensis_.fna";8876928;1;8876928.00;8876928;8876928;8876928;70.99;0;0.00
"GCA_040650935_Streptomyces-sp_.fna";7867634;67;117427.37;486991;1010;196278;70.52;313;0.00
"GCA_035994185_Streptomyces-sp_.fna";9034013;2;4517006.50;8890693;143320;8890693;69.82;0;0.00
"GCA_014649055_Streptomyces-gancidicus_.fna";7397357;205;36084.67;903937;502;446291;72.01;680;0.01
"GCA_036178145_Streptomyces-sp_.fna";10316149;1;10316149.00;10316149;10316149;10316149;71.35;0;0.00
"GCA_023168385_Streptomyces-sp_.fna";7000089;1;7000089.00;7000089;7000089;7000089;73.45;0;0.00
"GCA_040646955_Streptomyces-xinghaiensis_.fna";8289228;88;94195.77;1037774;1026;312540;72.57;580;0.01
"GCA_040682795_Streptomyces-sp_.fna";9375841;85;110304.01;908197;1072;425675;70.69;1008;0.01
"GCA_018614195_Streptomyces-sp_.fna";8874481;127;69877.80;452781;5137;142553;71.41;301;0.00
"GCA_040299125_Streptomyces-microflavus_.fna";8323339;57;146023.49;695379;1324;335070;71.42;583;0.01
"GCA_008086975_Streptomyces-sp_.fna";6857227;882;7774.63;75920;211;16068;72.26;283;0.00
"GCA_035917315_Streptomyces-sp_.fna";11554491;3;3851497.00;9842396;197776;9842396;69.50;0;0.00
"GCA_002288075_Streptomyces-sp_.fna";7232701;2;3616350.50;7088673;144028;7088673;73.30;0;0.00
"GCA_039533825_Streptomyces-rectiviolaceus_.fna";9416068;288;32694.68;451694;510;68085;70.15;4315;0.05
"GCA_013913525_Streptomyces-griseoaurantiacus_.fna";7632724;24;318030.17;1213397;1828;665363;72.70;1500;0.02
"GCA_035918155_Streptomyces-sp_.fna";10251772;3;3417257.33;8806301;172743;8806301;69.99;0;0.00
"GCA_016893525_Streptomyces-sp_.fna";7460352;2;3730176.00;7133573;326779;7133573;72.59;0;0.00
"GCA_040685365_Streptomyces-sp_.fna";11039811;133;83006.10;903769;1026;288084;70.27;1084;0.01
"GCA_013414305_Streptomyces-sp_.fna";10474412;1;10474412.00;10474412;10474412;10474412;71.42;0;0.00
"GCA_004127445_Streptomyces-alfalfae_.fna";8273342;57;145146.35;873667;1197;283721;72.22;0;0.00
"GCA_040296585_Streptomyces-mirabilis_.fna";8971622;1326;6765.93;76311;1004;10604;69.75;1290;0.01
"GCA_040704535_Streptomyces-nodosus_.fna";8036876;76;105748.37;466521;1050;180728;70.86;639;0.01
"GCA_040639015_Streptomyces-sp_.fna";9013242;120;75110.35;767193;1013;129282;69.53;683;0.01
"GCA_039529395_Streptomyces-albidochromogenes_.fna";7327976;99;74019.96;580018;517;190885;71.69;388;0.01
"GCA_002154555_Streptomyces-murinus_.fna";7954566;1088;7311.18;70348;499;14213;71.68;4020;0.05
"GCA_900090085_Streptomyces-sp_.fna";8099030;64;126547.34;943550;1081;228883;71.42;24513;0.30
"GCA_900105265_Streptomyces-sp_.fna";10923892;2;5461946.00;10914512;9380;10914512;70.13;0;0.00
"GCA_040613315_Streptomyces-cyaneofuscatus_.fna";8127138;79;102875.16;485283;1328;155916;71.47;296;0.00
"GCA_016900935_Streptomyces-sp_.fna";7220504;1758;4107.23;89525;200;22479;72.50;3940;0.05
"GCA_040677935_Streptomyces-diastaticus_.fna";6632795;75;88437.27;423832;1018;232813;73.62;675;0.01
"GCA_040295265_Streptomyces-flaveus_.fna";10792315;190;56801.66;478590;1001;130012;69.49;330;0.00
"GCA_036226585_Streptomyces-sp_.fna";7654464;3;2551488.00;7301835;155135;7301835;71.85;0;0.00
"GCA_033793015_Streptomyces-griseiscabiei_.fna";11001302;69;159439.16;921323;502;420284;71.40;531;0.00
"GCA_023155275_Streptomyces-rhizoryzae_.fna";7783213;117;66523.19;404910;1008;120589;73.79;0;0.00
"GCA_000716065_Streptomyces-californicus_.fna";8381474;103;81373.53;505744;234;219000;68.59;448264;5.35
"GCA_040635135_Streptomyces-griseoincarnatus_.fna";8061086;206;39131.49;267476;1006;83232;71.92;1664;0.02
"GCA_014650915_Streptomyces-poonensis_.fna";8584687;46;186623.63;1539240;558;379875;71.44;1070;0.01
"GCA_017948455_Streptomyces-sp_.fna";9240604;76;121586.89;1154393;307;312709;70.15;0;0.00
"GCA_040295725_Streptomyces-sp_.fna";10285040;241;42676.51;277348;1077;88546;70.67;686;0.01
"GCA_943333265_Streptomyces-griseus_.fna";2848122;328;8683.30;42910;3020;10541;55.37;0;0.00
"GCA_016432725_Streptomyces-sp_.fna";8144351;3;2714783.67;7829429;88614;7829429;72.08;0;0.00
"GCA_039524635_Streptomyces-thermocarboxydovorans_.fna";6501533;175;37151.62;206296;502;85554;71.60;1390;0.02
"GCA_016613335_Streptomyces-sp_.fna";7096968;126;56325.14;307533;230;119828;73.45;125;0.00
"GCA_000158915_Streptomyces-himastatinicus_.fna";11030030;2;5515015.00;10901646;128384;10901646;67.58;563744;5.11
"GCA_011650445_Streptomyces-sp_.fna";8341703;1;8341703.00;8341703;8341703;8341703;72.44;0;0.00
"GCA_002155895_Streptomyces-rochei_.fna";7682401;808;9507.92;77900;506;20398;72.44;5112;0.07
"GCA_040704505_Streptomyces-sp_.fna";7068393;63;112196.71;686899;1315;175311;73.63;194;0.00
"GCA_004768505_Streptomyces-albus_.fna";8106237;120;67551.98;804522;514;489196;72.50;12900;0.16
"GCA_013364155_Streptomyces-sp_.fna";9771669;2;4885834.50;9619720;151949;9619720;71.05;0;0.00
"GCA_000816485_Streptomyces-sp_.fna";7656461;164;46685.74;500095;200;139282;70.02;0;0.00
"GCA_028200735_Streptomyces-sp_.fna";5433563;87;62454.75;825440;516;299656;71.46;0;0.00
"GCA_040605435_Streptomyces-sp_.fna";9881417;366;26998.41;339887;1001;82614;71.36;1467;0.01
"GCA_023277965_Streptomyces-sp_.fna";7351753;1;7351753.00;7351753;7351753;7351753;71.94;0;0.00
"GCA_041106235_Streptomyces-sp_.fna";9436781;294;32097.89;293526;1029;56512;71.07;2010;0.02
"GCA_003248335_Streptomyces-sp_.fna";7273138;5;1454627.60;3029664;143352;2461044;71.52;0;0.00
"GCA_900091855_Streptomyces-sp_.fna";7944178;670;11856.98;165835;1070;21543;71.88;8;0.00
"GCA_040632575_Streptomyces-hygroscopicus_.fna";9554734;397;24067.34;181477;1017;41044;71.99;924;0.01
"GCA_036898625_Streptomyces-scabiei_.fna";10540936;3;3513645.33;6232163;943429;6232163;71.37;0;0.00
"GCA_040680155_Streptomyces-sp_.fna";9426876;42;224449.43;983288;1481;409693;72.10;125;0.00
"GCA_015767815_Streptomyces-clavuligerus_.fna";7790985;3;2596995.00;6864099;199175;6864099;72.66;0;0.00
"GCA_040650915_Streptomyces-tendae_.fna";9026159;90;100290.66;595601;1010;250427;72.01;594;0.01
"GCA_900091895_Streptomyces-sp_.fna";6915353;558;12393.11;101576;1014;20944;73.21;9;0.00
"GCA_000961885_Streptomyces-rubellomurinus_.fna";8610816;411;20950.89;317009;204;74283;73.65;0;0.00
"GCA_014203545_Streptomyces-netropsis_.fna";8041454;43;187010.56;1112625;1019;421248;71.52;783;0.01
"GCA_040636425_Streptomyces-fragilis_.fna";6845686;124;55207.15;351126;1195;108963;73.18;583;0.01
"GCA_040641775_Streptomyces-olivoreticuli_.fna";8929241;228;39163.34;400489;1010;111332;71.11;869;0.01
"GCA_040676655_Streptomyces-klenkii_.fna";8281946;76;108972.97;554540;1065;264591;72.21;608;0.01
"GCA_040653515_Streptomyces-niveus_.fna";8514077;165;51600.47;363747;1007;104652;70.90;254;0.00
"GCA_001905505_Streptomyces-sp_.fna";8308206;14;593443.29;1630915;4450;1447359;71.25;78;0.00
"GCA_022513565_Streptomyces-sp_.fna";8808297;95;92718.92;917032;302;252519;71.06;0;0.00
"GCA_040645665_Streptomyces-viridosporus_.fna";7490659;153;48958.56;409024;1072;110301;72.49;294;0.00
"GCA_010550535_Streptomyces-sp_.fna";7195221;672;10707.17;141522;202;23209;71.94;0;0.00
"GCA_001625365_Streptomyces-sp_.fna";9234445;5;1846889.00;7349619;55689;7349619;72.82;0;0.00
"GCA_015767835_Streptomyces-clavuligerus_.fna";7694104;3;2564701.33;6855772;120956;6855772;72.65;0;0.00
"GCA_018310535_Streptomyces-mirabilis_.fna";9621341;2;4810670.50;9103359;517982;9103359;70.24;0;0.00
"GCA_000725725_Streptomyces-xanthophaeus_.fna";8568408;147;58288.49;790568;201;246997;72.24;493;0.01
"GCA_003205575_Streptomyces-tateyamensis_.fna";7455770;439;16983.53;236249;200;76804;72.60;9699;0.13
"GCA_016900915_Streptomyces-sp_.fna";8766010;1761;4977.86;379979;200;76450;71.64;1146;0.01
"GCA_003353555_Streptomyces-sp_.fna";8099206;3;2699735.33;4394720;469881;4394720;71.43;0;0.00
"GCA_033850635_Streptomyces-sp_.fna";3823686;904;4229.74;16623;2500;4336;71.58;0;0.00
"GCA_040640455_Streptomyces-rimosus_.fna";9240518;51;181186.63;720820;1009;363106;71.93;671;0.01
"GCA_040628575_Streptomyces-sp_.fna";8533269;233;36623.47;236325;1045;61813;71.66;790;0.01
"GCA_001418495_Streptomyces-pathocidini_.fna";5542997;743;7460.29;52611;984;11466;71.38;1196;0.02
"GCA_008905045_Streptomyces-albicerus_.fna";11977091;200;59885.46;338206;1031;138999;69.95;11060;0.09
"GCA_040680635_Streptomyces-sp_.fna";8811811;90;97909.01;507095;1010;150180;71.46;787;0.01
"GCA_001723115_Streptomyces-griseus_.fna";8102089;1108;7312.35;56415;478;13772;72.12;3819;0.05
"GCA_035955795_Streptomyces-albidoflavus_.fna";7288318;2;3644159.00;7078426;209892;7078426;73.26;0;0.00
"GCA_033793005_Streptomyces-sp_.fna";7865684;69;113995.42;803589;519;401594;71.11;1000;0.01
"GCA_002551225_Streptomyces-sp_.fna";8623355;670;12870.68;137998;219;24278;71.48;39;0.00
"GCA_009863265_Streptomyces-sp_.fna";7564593;34;222488.03;1298166;1135;490467;71.90;66;0.00
"GCA_027570375_Streptomyces-sp_.fna";5945518;10661;557.69;10547;200;634;72.16;25887;0.44
"GCA_002154575_Streptomyces-bobili_.fna";8062541;946;8522.77;80531;476;17336;71.23;3361;0.04
"GCA_011800555_Streptomyces-malaysiensis_.fna";10686940;4;2671735.00;8908535;2072;8908535;70.80;3721;0.03
"GCA_014649535_Streptomyces-gelaticus_.fna";7755498;114;68030.68;605137;517;237536;70.56;1240;0.02
"GCA_040684015_Streptomyces-sp_.fna";7747244;52;148985.46;995927;1021;519859;70.98;876;0.01
"GCA_040704045_Streptomyces-sp_.fna";7744962;434;17845.53;228766;1016;40827;71.14;283;0.00
"GCA_024761905_Streptomyces-ginkgonis_.fna";5837284;26;224510.92;1007495;520;697421;72.92;0;0.00
"GCA_003933485_Streptomyces-griseofuscus_.fna";8424015;131;64305.46;828736;501;460998;71.65;50;0.00
"GCA_008931305_Streptomyces-coelicolor_.fna";8667664;1;8667664.00;8667664;8667664;8667664;72.12;0;0.00
"GCA_007896895_Streptomyces-misionensis_.fna";8312220;210;39582.00;256695;767;70083;71.61;82012;0.99
"GCA_004217355_Streptomyces-sp_.fna";6964464;12;580372.00;1305487;1546;1080808;71.76;109;0.00
"GCA_040605935_Streptomyces-sp_.fna";9538434;135;70655.07;1129539;1006;173389;69.48;481;0.01
"GCA_000720055_Streptomyces-sp_.fna";8078043;101;79980.62;520521;201;280718;72.56;0;0.00
"GCA_040610735_Streptomyces-sp_.fna";6971269;46;151549.33;1085921;1299;311785;73.45;98;0.00
"GCA_004353545_Streptomyces-sp_.fna";7797617;70;111394.53;1104946;207;354140;72.78;0;0.00
"GCA_036320405_Streptomyces-sp_.fna";9599422;4;2399855.50;8469185;263838;8469185;70.28;0;0.00
"GCA_036503695_Streptomyces-sp_.fna";5453417;2269;2403.45;20170;1500;2321;72.02;0;0.00
"GCA_004023625_Streptomyces-cavernae_.fna";10446772;131;79746.35;569530;504;275254;70.46;100;0.00
"GCA_009863235_Streptomyces-sp_.fna";7407922;53;139772.11;819313;1198;285389;72.08;161;0.00
"GCA_020181035_Streptomyces-sp_.fna";9750154;104;93751.48;576565;1029;352661;71.08;12417;0.13
"GCA_040641295_Streptomyces-eurythermus_.fna";8691146;94;92459.00;517860;1015;221696;72.30;781;0.01
"GCA_040685835_Streptomyces-sp_.fna";8677487;440;19721.56;181937;1021;32258;71.19;411;0.00
"GCA_033790905_Streptomyces-microflavus_.fna";8515418;92;92558.89;810660;202;237199;71.27;0;0.00
"GCA_026341695_Streptomyces-sp_.fna";9672994;4;2418248.50;9072401;104972;9072401;71.16;0;0.00
"GCA_036013665_Streptomyces-sp_.fna";10744805;1;10744805.00;10744805;10744805;10744805;70.83;0;0.00
"GCA_030010595_Streptomyces-sp_.fna";9631439;276;34896.52;202022;306;67870;73.29;1;0.00
"GCA_040640435_Streptomyces-rimosus_.fna";9237287;54;171060.87;700326;1009;312849;71.93;195;0.00
"GCA_000470535_Streptomyces-sp_.fna";8008792;670;11953.42;118603;502;22845;70.57;7;0.00
"GCA_004795155_Streptomyces-sp_.fna";8304237;219;37918.89;210329;479;72620;72.25;0;0.00
"GCA_030816965_Streptomyces-canus_.fna";10658989;2;5329494.50;10509594;149395;10509594;70.13;0;0.00
"GCA_040679205_Streptomyces-pseudogriseolus_.fna";7611485;243;31322.98;232298;1099;63366;72.57;256;0.00
"GCA_943323705_Streptomyces-griseus_.fna";2422158;294;8238.63;32519;3009;9845;35.68;0;0.00
"GCA_030122705_Streptomyces-sp_.fna";11519256;1;11519256.00;11519256;11519256;11519256;71.06;0;0.00
"GCA_003846175_Streptomyces-sp_.fna";10032992;22;456045.09;1759228;2390;940612;68.86;251478;2.51
"GCA_040640415_Streptomyces-fradiae_.fna";6380440;67;95230.45;363898;1072;190567;74.66;482;0.01
"GCA_040654835_Streptomyces-prunicolor_.fna";11406717;1400;8147.65;68830;1000;12791;69.74;195;0.00
"GCA_040653015_Streptomyces-tendae_.fna";8670735;80;108384.19;522974;1195;231061;72.16;488;0.01
"GCA_040684055_Streptomyces-bacillaris_.fna";7818144;97;80599.42;462088;1078;176064;72.08;484;0.01
"GCA_040631715_Streptomyces-sp_.fna";7449469;42;177368.31;840942;1638;356020;71.18;205;0.00
"GCA_003950055_Streptomyces-sp_.fna";8082236;1;8082236.00;8082236;8082236;8082236;72.21;0;0.00
"GCA_900105235_Streptomyces-sp_.fna";8130510;2;4065255.00;8039237;91273;8039237;70.99;0;0.00
"GCA_000720505_Streptomyces-sp_.fna";8864045;1504;5893.65;134235;263;15145;71.16;0;0.00
"GCA_016605905_Streptomyces-sp_.fna";5836896;1;5836896.00;5836896;5836896;5836896;72.10;0;0.00
"GCA_040644315_Streptomyces-sp_.fna";8745181;61;143363.62;1048386;1173;339999;72.20;204;0.00
"GCA_040654355_Streptomyces-sp_.fna";11592804;285;40676.51;224944;1019;79950;70.22;197;0.00
"GCA_040684035_Streptomyces-sp_.fna";8423811;49;171914.51;873783;1409;358914;71.89;593;0.01
"GCA_040303965_Streptomyces-sp_.fna";7892410;61;129383.77;723280;1338;235662;72.56;192;0.00
"GCA_040704515_Streptomyces-nigra_.fna";8339567;138;60431.64;712245;1053;257923;71.55;94;0.00
"GCA_900090095_Streptomyces-sp_.fna";9563454;106;90221.26;828519;1076;261762;70.82;1269;0.01
"GCA_040644335_Streptomyces-albidoflavus_.fna";7299993;58;125861.95;465794;1589;213399;73.37;96;0.00
"GCA_009863275_Streptomyces-sp_.fna";8143430;66;123385.30;1516886;1025;486084;71.86;241;0.00
"GCA_016893535_Streptomyces-sp_.fna";9940423;2;4970211.50;9790108;150315;9790108;70.22;0;0.00
"GCA_017168205_Streptomyces-chrestomyceticus_.fna";9341553;66;141538.68;1373236;239;597445;72.10;0;0.00
